<?xml version="1.0" encoding="UTF-8"?>
<!DOCTYPE mapper
    PUBLIC "-//mybatis.org//DTD Mapper 3.0//EN"
    "http://mybatis.org/dtd/mybatis-3-mapper.dtd">
	<mapper namespace="com.employee.employee_management.repository.EmployeeRepository">
		<resultMap type="EmployeeModel" id="EmployeeModelResult">
    		<id column="employee_id" property="employeeId" />
    		<result column="employee_name" property="employeeName" />
    		<result column="employee_age" property="employeeAge" />
    		<result column="employee_address" property="employeeAddress" />
		</resultMap>

		<sql id="employeeColumns">
    		employee_name,employee_age,employee_address
		</sql>

		<select id="selectAllData" resultMap="EmployeeModelResult">
    		SELECT
        		employee_id,
        		<include refid="employeeColumns" />
    		FROM employee_data;
		</select>

		<insert id="employeeDataAdd" parameterType="EmployeeModel">
    		INSERT INTO employee_data (
        		<include refid="employeeColumns" />
    		) VALUES (#{employeeName}, #{employeeAge}, #{employeeAddress});
		</insert>
		
		<delete id="deleteEmployee" parameterType="int">
        	DELETE FROM employee_data WHERE employee_id=#{employeeId};
    	</delete>
    	<select id="searchById" parameterType="int" resultMap="EmployeeModelResult">
        	SELECT employee_id,
        		<include refid="employeeColumns" />
        	FROM employee_data WHERE employee_id=#{employee_id};
    	</select>
    	<update id="updateProcess" parameterType="map">
    		UPDATE employee_data 
    			SET 
    				employee_name=#{employeeModel.employeeName},
    				employee_age=#{employeeModel.employeeAge},
    				employee_address=#{employeeModel.employeeAddress}
    			WHERE 
    				employee_id=#{employeeId};
		</update>
    	<select id="searchEmployee" parameterType="String" resultMap="EmployeeModelResult">
    		SELECT
        		employee_id,
        		<include refid="employeeColumns" />
    		FROM employee_data
    		WHERE
        		<choose>
            		<when test="_parameter.matches('^[0-9]+$')">
                		employee_id = CAST(#{searchKey} AS bigint)
            		</when>
            		<otherwise>
                		employee_name ILIKE '%' || #{searchKey} || '%'
            		</otherwise>
        		</choose>
		</select>



	</mapper>