<?xml version="1.0" encoding="UTF-8"?>
<!DOCTYPE mapper
    PUBLIC "-//mybatis.org//DTD Mapper 3.0//EN"
    "http://mybatis.org/dtd/mybatis-3-mapper.dtd">
    
	<mapper namespace="com.employee.employee_management.repository.LoginRepository">
		<resultMap type="AccountModel" id="AccountDataResult">
			<id property="username" column="username" />
			<result property="password" column="password" />
			<result property="isEnabled" column="enabled" />
			<result property="authority" column="authority" />
		</resultMap>
		<select id="loginProcess" parameterType="String" resultMap="AccountDataResult">
			SELECT users.username, password, enabled, authority FROM users, authorities WHERE users.username = authorities.username AND users.username = #{username};
		</select>
		<insert id="createAccount" parameterType="AccountModel">
        INSERT INTO users (username, password, enabled)
        VALUES (#{username}, #{password}, #{isEnabled});
        INSERT INTO authorities (username, authority)
        VALUES (#{username}, #{authority});
        
    	</insert>
	</mapper>